course_id,course_name,subject,teacher_id,start_date,end_date,level,status,price
1,Intermediate German Course,german,66,2017-04-17,2017-05-17,Intermediate,cancelled,469.71
2,Beginner History Course,history,43,2024-01-07,2024-02-06,Beginner,archived,249.06
3,Intermediate German Course,german,31,2019-06-12,2019-07-12,Intermediate,cancelled,360.66
4,Advanced Art Course,art,33,2010-07-19,2010-08-18,Advanced,archived,763.32
5,Beginner English Course,english,40,2010-02-21,2010-03-23,Beginner,cancelled,117.07
6,Beginner German Course,german,66,2024-12-08,2025-06-06,Beginner,active,140.99
7,Intermediate Chemistry Course,chemistry,50,2014-04-20,2014-10-17,Intermediate,cancelled,381.31
8,Beginner Biology Course,biology,34,2023-01-31,2023-05-01,Beginner,archived,260.28
9,Advanced Maths Course,maths,78,2017-11-10,2017-12-10,Advanced,archived,688.07
10,Advanced German Course,german,66,2023-05-19,2023-06-18,Advanced,cancelled,777.57
11,Beginner German Course,german,10,2021-10-27,2022-04-25,Beginner,archived,259.8
12,Beginner Chemistry Course,chemistry,58,2021-08-02,2021-09-01,Beginner,archived,196.55
13,Advanced Physics Course,physics,18,2012-05-20,2012-08-18,Advanced,cancelled,692.78
14,Intermediate Maths Course,maths,25,2016-08-18,2016-09-17,Intermediate,archived,351.5
15,Beginner Art Course,art,68,2009-06-02,2009-08-31,Beginner,cancelled,235.63
16,Beginner Biology Course,biology,54,2024-04-25,2024-07-24,Beginner,cancelled,204.64
17,Beginner Physics Course,physics,44,2018-08-12,2019-02-08,Beginner,archived,137.95
18,Beginner Biology Course,biology,1,2022-11-05,2023-05-04,Beginner,archived,122.47
19,Intermediate Art Course,art,11,2016-04-21,2016-07-20,Intermediate,archived,548.06
20,Intermediate Spanish Course,spanish,48,2024-01-09,2024-02-08,Intermediate,archived,428.51
21,Beginner English Course,english,2,2019-12-29,2020-03-28,Beginner,cancelled,206.02
22,Beginner Physics Course,physics,6,2010-08-05,2010-09-04,Beginner,cancelled,200.51
23,Advanced German Course,german,10,2012-09-21,2013-03-20,Advanced,archived,693.31
24,Intermediate Physics Course,physics,15,2012-11-22,2013-05-21,Intermediate,cancelled,477.13
25,Intermediate History Course,history,22,2019-04-21,2019-10-18,Intermediate,archived,424.7
26,Beginner History Course,history,61,2011-08-28,2011-11-26,Beginner,cancelled,118.1
27,Beginner Art Course,art,21,2019-03-03,2019-06-01,Beginner,archived,283.63
28,Advanced French Course,french,9,2020-03-25,2020-06-23,Advanced,cancelled,727.62
29,Intermediate Biology Course,biology,41,2023-09-30,2023-10-30,Intermediate,cancelled,569.77
30,Beginner French Course,french,70,2016-07-19,2016-10-17,Beginner,cancelled,234.26
31,Advanced Chemistry Course,chemistry,67,2019-03-18,2019-09-14,Advanced,archived,811.29
32,Intermediate Art Course,art,68,2023-02-11,2023-03-13,Intermediate,cancelled,569.41
33,Advanced French Course,french,9,2013-06-19,2013-12-16,Advanced,cancelled,787.5
34,Beginner Art Course,art,32,2017-05-30,2017-06-29,Beginner,archived,123.66
35,Advanced Spanish Course,spanish,35,2019-01-21,2019-02-20,Advanced,archived,799.73
36,Intermediate History Course,history,3,2009-03-13,2009-04-12,Intermediate,cancelled,492.75
37,Beginner Physics Course,physics,83,2024-06-03,2024-09-01,Beginner,archived,196.07
38,Intermediate Art Course,art,33,2013-03-04,2013-06-02,Intermediate,cancelled,320.75
39,Advanced German Course,german,31,2018-03-31,2018-09-27,Advanced,archived,658.77
40,Beginner Maths Course,maths,42,2019-08-27,2019-09-26,Beginner,archived,205.31
41,Advanced Maths Course,maths,60,2013-04-15,2013-05-15,Advanced,cancelled,813.64
42,Beginner Physics Course,physics,18,2012-10-30,2013-04-28,Beginner,cancelled,232.16
43,Advanced Maths Course,maths,4,2008-07-19,2009-01-15,Advanced,cancelled,800.47
44,Beginner Biology Course,biology,7,2014-02-26,2014-03-28,Beginner,cancelled,199.61
45,Advanced German Course,german,66,2014-05-25,2014-11-21,Advanced,archived,713.93
46,Advanced English Course,english,40,2015-01-24,2015-02-23,Advanced,cancelled,639.85
47,Beginner Art Course,art,51,2009-03-17,2009-09-13,Beginner,cancelled,109.48
48,Intermediate Chemistry Course,chemistry,30,2020-01-14,2020-04-13,Intermediate,cancelled,390.35
49,Advanced Spanish Course,spanish,35,2024-10-23,2025-01-21,Advanced,cancelled,803.0
50,Intermediate Art Course,art,68,2014-03-17,2014-06-15,Intermediate,archived,520.03
51,Beginner Physics Course,physics,18,2017-11-21,2018-05-20,Beginner,cancelled,287.97
52,Advanced Art Course,art,11,2014-12-09,2015-06-07,Advanced,cancelled,614.73
53,Advanced Art Course,art,33,2024-05-02,2024-06-01,Advanced,archived,797.63
54,Beginner Art Course,art,33,2022-05-24,2022-06-23,Beginner,archived,114.27
55,Advanced English Course,english,57,2009-07-01,2009-12-28,Advanced,cancelled,661.98
56,Advanced German Course,german,31,2008-05-12,2008-06-11,Advanced,archived,811.45
57,Beginner Chemistry Course,chemistry,37,2024-12-01,2024-12-31,Beginner,cancelled,196.75
58,Advanced Spanish Course,spanish,35,2020-07-29,2020-08-28,Advanced,cancelled,754.81
59,Intermediate Biology Course,biology,34,2010-05-14,2010-08-12,Intermediate,cancelled,560.24
60,Advanced English Course,english,40,2013-10-13,2014-01-11,Advanced,archived,711.0
61,Advanced English Course,english,24,2017-07-06,2017-10-04,Advanced,archived,704.88
62,Beginner Art Course,art,32,2020-07-31,2020-08-30,Beginner,archived,122.69
63,Beginner Chemistry Course,chemistry,67,2019-11-24,2019-12-24,Beginner,archived,201.51
64,Beginner German Course,german,66,2011-02-17,2011-03-19,Beginner,archived,250.18
65,Advanced German Course,german,47,2014-03-23,2014-04-22,Advanced,cancelled,674.97
66,Advanced German Course,german,47,2012-02-08,2012-03-09,Advanced,archived,650.67
67,Advanced Maths Course,maths,60,2023-08-08,2024-02-04,Advanced,archived,706.01
68,Intermediate English Course,english,2,2022-06-29,2022-07-29,Intermediate,cancelled,508.67
69,Beginner Maths Course,maths,42,2011-05-05,2011-11-01,Beginner,cancelled,217.66
70,Intermediate Art Course,art,32,2020-09-28,2021-03-27,Intermediate,archived,347.49
71,Beginner English Course,english,57,2015-07-29,2015-10-27,Beginner,archived,219.23
72,Intermediate English Course,english,57,2019-01-22,2019-04-22,Intermediate,archived,547.42
73,Intermediate Biology Course,biology,38,2008-08-24,2009-02-20,Intermediate,cancelled,349.9
74,Advanced Art Course,art,68,2012-02-01,2012-05-01,Advanced,archived,838.51
75,Beginner Maths Course,maths,25,2020-12-03,2021-06-01,Beginner,cancelled,169.16
76,Beginner Biology Course,biology,64,2021-02-03,2021-05-04,Beginner,archived,290.71
77,Beginner English Course,english,40,2010-02-27,2010-08-26,Beginner,archived,231.4
78,Advanced Maths Course,maths,46,2012-02-09,2012-03-10,Advanced,archived,625.75
79,Advanced Biology Course,biology,19,2022-07-30,2022-08-29,Advanced,cancelled,834.93
80,Beginner Spanish Course,spanish,77,2024-06-07,2024-09-05,Beginner,cancelled,279.02
81,Beginner German Course,german,12,2015-07-23,2015-08-22,Beginner,archived,265.51
82,Intermediate French Course,french,9,2009-09-09,2009-12-08,Intermediate,cancelled,444.73
83,Beginner German Course,german,31,2020-02-25,2020-05-25,Beginner,archived,284.4
84,Intermediate Physics Course,physics,18,2019-04-23,2019-07-22,Intermediate,archived,388.24
85,Intermediate Maths Course,maths,4,2020-06-11,2020-09-09,Intermediate,cancelled,304.98
86,Beginner Maths Course,maths,42,2013-07-02,2013-08-01,Beginner,archived,234.32
87,Beginner Physics Course,physics,18,2019-02-03,2019-05-04,Beginner,archived,199.83
88,Beginner English Course,english,79,2019-10-29,2019-11-28,Beginner,archived,222.71
89,Beginner English Course,english,24,2013-11-12,2014-05-11,Beginner,archived,148.88
90,Beginner French Course,french,70,2019-06-19,2019-07-19,Beginner,archived,196.11
91,Advanced Spanish Course,spanish,77,2019-03-22,2019-06-20,Advanced,archived,640.96
92,Beginner Maths Course,maths,60,2014-12-06,2015-06-04,Beginner,cancelled,147.41
93,Intermediate Biology Course,biology,38,2009-03-24,2009-09-20,Intermediate,cancelled,589.71
94,Beginner Art Course,art,51,2017-03-29,2017-06-27,Beginner,archived,194.95
95,Intermediate Chemistry Course,chemistry,82,2013-11-29,2014-02-27,Intermediate,archived,428.66
96,Intermediate Chemistry Course,chemistry,52,2010-06-17,2010-12-14,Intermediate,archived,562.37
97,Advanced Biology Course,biology,64,2020-07-26,2020-10-24,Advanced,cancelled,650.07
98,Advanced German Course,german,12,2023-07-28,2024-01-24,Advanced,archived,837.33
99,Intermediate French Course,french,9,2017-03-04,2017-08-31,Intermediate,archived,396.64
100,Beginner Art Course,art,33,2010-07-11,2010-10-09,Beginner,cancelled,115.87
101,Advanced Art Course,art,51,2021-09-02,2021-10-02,Advanced,archived,827.27
102,Intermediate French Course,french,9,2018-07-05,2019-01-01,Intermediate,cancelled,503.04
103,Intermediate German Course,german,10,2014-10-24,2015-04-22,Intermediate,cancelled,300.51
104,Beginner Maths Course,maths,42,2012-09-08,2012-10-08,Beginner,archived,156.08
105,Advanced Biology Course,biology,28,2018-08-06,2019-02-02,Advanced,archived,886.62
106,Intermediate Chemistry Course,chemistry,30,2023-06-18,2023-09-16,Intermediate,archived,385.05
107,Advanced Chemistry Course,chemistry,30,2012-10-26,2013-01-24,Advanced,archived,824.16
108,Intermediate History Course,history,5,2009-11-02,2010-01-31,Intermediate,archived,533.77
109,Beginner Art Course,art,68,2008-06-24,2008-09-22,Beginner,archived,200.51
110,Beginner Maths Course,maths,78,2009-08-04,2009-09-03,Beginner,archived,202.28
111,Intermediate Physics Course,physics,65,2009-08-07,2009-09-06,Intermediate,archived,358.45
112,Beginner Art Course,art,68,2009-10-08,2010-01-06,Beginner,archived,172.2
113,Intermediate Art Course,art,11,2011-04-07,2011-05-07,Intermediate,archived,596.77
114,Beginner German Course,german,31,2011-03-02,2011-05-31,Beginner,cancelled,132.73
115,Beginner Spanish Course,spanish,39,2023-10-22,2024-04-19,Beginner,cancelled,192.8
116,Beginner German Course,german,12,2009-03-21,2009-09-17,Beginner,archived,183.4
117,Advanced Biology Course,biology,19,2020-11-13,2021-05-12,Advanced,cancelled,752.41
118,Beginner Spanish Course,spanish,35,2023-11-05,2023-12-05,Beginner,archived,251.26
119,Advanced English Course,english,24,2023-10-04,2024-04-01,Advanced,cancelled,831.16
120,Advanced History Course,history,43,2010-02-12,2010-05-13,Advanced,archived,715.06
121,Advanced German Course,german,47,2024-03-23,2024-09-19,Advanced,archived,668.78
122,Beginner Biology Course,biology,45,2014-12-09,2015-01-08,Beginner,archived,207.29
123,Beginner History Course,history,3,2021-05-25,2021-11-21,Beginner,archived,108.57
124,Beginner Art Course,art,32,2022-12-18,2023-03-18,Beginner,cancelled,267.3
125,Advanced German Course,german,66,2008-08-16,2008-11-14,Advanced,archived,623.4
126,Beginner English Course,english,2,2014-01-06,2014-07-05,Beginner,cancelled,111.32
127,Advanced German Course,german,66,2019-06-07,2019-09-05,Advanced,archived,862.56
128,Beginner Chemistry Course,chemistry,50,2013-10-29,2014-04-27,Beginner,archived,291.35
129,Advanced Spanish Course,spanish,77,2014-10-27,2015-04-25,Advanced,archived,796.64
130,Intermediate English Course,english,79,2014-10-14,2014-11-13,Intermediate,cancelled,417.96
131,Advanced Maths Course,maths,46,2013-08-05,2014-02-01,Advanced,archived,891.16
132,Advanced Physics Course,physics,6,2023-02-18,2023-03-20,Advanced,archived,893.72
133,Intermediate History Course,history,3,2010-09-17,2010-10-17,Intermediate,cancelled,517.61
134,Intermediate History Course,history,5,2013-04-10,2013-05-10,Intermediate,cancelled,391.89
135,Intermediate Art Course,art,21,2015-10-18,2016-01-16,Intermediate,cancelled,348.52
136,Advanced Art Course,art,33,2020-08-01,2020-10-30,Advanced,archived,878.92
137,Beginner Chemistry Course,chemistry,53,2020-03-05,2020-04-04,Beginner,archived,297.78
138,Intermediate French Course,french,55,2008-12-18,2009-06-16,Intermediate,archived,399.28
139,Beginner History Course,history,61,2020-11-30,2021-02-28,Beginner,cancelled,165.25
140,Beginner French Course,french,9,2022-05-25,2022-06-24,Beginner,cancelled,257.55
141,Beginner English Course,english,2,2011-04-11,2011-05-11,Beginner,cancelled,264.68
142,Intermediate Maths Course,maths,78,2010-11-15,2010-12-15,Intermediate,archived,332.17
143,Intermediate Chemistry Course,chemistry,72,2025-02-12,2025-08-11,Intermediate,cancelled,489.74
144,Intermediate History Course,history,3,2022-05-19,2022-11-15,Intermediate,archived,479.31
145,Advanced Art Course,art,51,2020-09-23,2021-03-22,Advanced,cancelled,787.05
146,Advanced History Course,history,73,2024-11-01,2025-01-30,Advanced,archived,744.99
147,Advanced Spanish Course,spanish,48,2016-04-15,2016-07-14,Advanced,cancelled,844.18
148,Advanced Spanish Course,spanish,62,2012-12-12,2013-06-10,Advanced,cancelled,651.08
149,Advanced History Course,history,61,2022-07-11,2022-10-09,Advanced,cancelled,757.9
150,Advanced History Course,history,73,2019-02-12,2019-03-14,Advanced,cancelled,621.56
151,Beginner English Course,english,57,2015-02-02,2015-05-03,Beginner,cancelled,265.17
152,Intermediate Biology Course,biology,74,2024-01-06,2024-07-04,Intermediate,cancelled,503.3
153,Beginner English Course,english,24,2022-12-06,2023-03-06,Beginner,cancelled,120.43
154,Advanced Spanish Course,spanish,62,2017-04-07,2017-05-07,Advanced,archived,645.43
155,Intermediate Physics Course,physics,76,2022-12-04,2023-01-03,Intermediate,archived,565.7
156,Advanced German Course,german,12,2008-05-18,2008-08-16,Advanced,archived,691.47
157,Advanced Physics Course,physics,44,2015-12-06,2016-01-05,Advanced,archived,864.11
158,Advanced German Course,german,10,2017-10-31,2018-04-29,Advanced,cancelled,863.28
159,Intermediate German Course,german,10,2020-07-17,2020-08-16,Intermediate,cancelled,414.25
160,Intermediate Biology Course,biology,34,2024-09-17,2025-03-16,Intermediate,cancelled,448.57
161,Intermediate French Course,french,9,2011-10-10,2011-11-09,Intermediate,cancelled,466.12
162,Beginner Art Course,art,32,2024-07-30,2024-10-28,Beginner,archived,174.77
163,Intermediate Physics Course,physics,65,2020-03-23,2020-06-21,Intermediate,cancelled,566.38
164,Beginner Spanish Course,spanish,39,2016-03-19,2016-09-15,Beginner,archived,205.89
165,Advanced Chemistry Course,chemistry,53,2011-05-22,2011-08-20,Advanced,archived,844.45
166,Beginner Maths Course,maths,63,2013-05-08,2013-06-07,Beginner,archived,252.83
167,Intermediate History Course,history,22,2010-03-18,2010-04-17,Intermediate,cancelled,543.86
168,Beginner Art Course,art,32,2008-10-19,2008-11-18,Beginner,cancelled,147.07
169,Intermediate Physics Course,physics,76,2020-05-02,2020-06-01,Intermediate,archived,359.65
170,Beginner German Course,german,66,2019-08-11,2020-02-07,Beginner,archived,208.08
171,Beginner Chemistry Course,chemistry,67,2024-11-09,2025-02-07,Beginner,cancelled,133.49
172,Advanced History Course,history,3,2011-08-08,2012-02-04,Advanced,cancelled,842.0
173,Beginner English Course,english,57,2018-08-31,2018-09-30,Beginner,archived,207.64
174,Beginner Art Course,art,33,2020-12-28,2021-06-26,Beginner,archived,160.65
175,Beginner Art Course,art,51,2016-02-05,2016-08-03,Beginner,archived,297.22
176,Advanced French Course,french,8,2010-07-17,2011-01-13,Advanced,archived,759.54
177,Intermediate Art Course,art,51,2015-10-18,2016-04-15,Intermediate,archived,464.01
178,Advanced Maths Course,maths,78,2009-08-20,2009-09-19,Advanced,cancelled,821.12
179,Advanced Biology Course,biology,1,2011-05-12,2011-06-11,Advanced,cancelled,810.67
180,Beginner Chemistry Course,chemistry,80,2009-06-26,2009-07-26,Beginner,archived,258.03
181,Beginner French Course,french,9,2018-03-05,2018-06-03,Beginner,archived,250.4
182,Beginner Maths Course,maths,25,2024-07-26,2024-08-25,Beginner,archived,247.79
183,Beginner Spanish Course,spanish,39,2019-12-27,2020-06-24,Beginner,archived,193.9
184,Beginner German Course,german,12,2015-11-11,2015-12-11,Beginner,archived,213.16
185,Advanced Spanish Course,spanish,35,2018-07-07,2019-01-03,Advanced,cancelled,875.55
186,Intermediate French Course,french,55,2009-09-28,2009-12-27,Intermediate,archived,528.73
187,Intermediate Physics Course,physics,76,2021-12-17,2022-03-17,Intermediate,archived,544.25
188,Intermediate Spanish Course,spanish,62,2024-12-24,2025-06-22,Intermediate,cancelled,505.92
189,Advanced German Course,german,66,2022-03-27,2022-04-26,Advanced,cancelled,735.83
190,Beginner History Course,history,61,2012-10-14,2012-11-13,Beginner,cancelled,188.67
191,Intermediate Maths Course,maths,25,2015-04-08,2015-07-07,Intermediate,archived,510.61
192,Advanced Spanish Course,spanish,35,2020-03-18,2020-04-17,Advanced,cancelled,699.34
193,Beginner Biology Course,biology,14,2019-10-15,2020-01-13,Beginner,cancelled,251.77
194,Intermediate English Course,english,79,2014-08-29,2014-09-28,Intermediate,cancelled,430.0
195,Beginner History Course,history,49,2016-01-12,2016-04-11,Beginner,archived,290.62
196,Beginner Physics Course,physics,18,2021-07-14,2021-08-13,Beginner,cancelled,116.33
197,Advanced Physics Course,physics,44,2012-08-11,2012-09-10,Advanced,cancelled,746.42
198,Advanced History Course,history,22,2018-05-04,2018-10-31,Advanced,archived,691.78
199,Beginner German Course,german,75,2012-04-15,2012-05-15,Beginner,archived,248.23
200,Intermediate Spanish Course,spanish,77,2022-07-08,2022-08-07,Intermediate,archived,376.7
201,Intermediate English Course,english,24,2008-08-18,2009-02-14,Intermediate,archived,361.87
202,Advanced Spanish Course,spanish,48,2016-08-26,2016-11-24,Advanced,cancelled,823.35
203,Intermediate Maths Course,maths,25,2022-07-29,2023-01-25,Intermediate,cancelled,346.21
204,Advanced Chemistry Course,chemistry,37,2017-03-06,2017-06-04,Advanced,cancelled,682.6
205,Beginner German Course,german,12,2018-04-19,2018-07-18,Beginner,cancelled,259.92
206,Beginner German Course,german,12,2015-08-18,2015-11-16,Beginner,cancelled,298.07
207,Intermediate Art Course,art,51,2022-02-10,2022-08-09,Intermediate,cancelled,477.23
208,Advanced English Course,english,40,2014-05-11,2014-06-10,Advanced,cancelled,777.08
209,Intermediate French Course,french,55,2015-09-27,2015-10-27,Intermediate,archived,572.82
210,Intermediate Chemistry Course,chemistry,80,2018-11-23,2019-05-22,Intermediate,archived,357.17
211,Intermediate Spanish Course,spanish,39,2008-08-27,2008-09-26,Intermediate,archived,385.6
212,Intermediate Art Course,art,21,2015-02-11,2015-03-13,Intermediate,archived,405.27
213,Advanced English Course,english,57,2025-01-18,2025-02-17,Advanced,archived,761.15
214,Intermediate History Course,history,43,2018-12-02,2019-03-02,Intermediate,archived,477.54
215,Intermediate Art Course,art,21,2019-07-31,2019-08-30,Intermediate,archived,559.16
216,Advanced English Course,english,57,2025-01-09,2025-04-09,Advanced,cancelled,780.82
217,Beginner History Course,history,43,2009-10-11,2009-11-10,Beginner,archived,250.07
218,Beginner English Course,english,2,2017-08-13,2017-09-12,Beginner,cancelled,131.87
219,Intermediate Biology Course,biology,74,2011-03-27,2011-09-23,Intermediate,cancelled,560.84
220,Advanced Physics Course,physics,76,2012-09-03,2012-12-02,Advanced,archived,848.61
221,Beginner English Course,english,2,2020-11-23,2021-05-22,Beginner,archived,278.15
222,Advanced German Course,german,75,2016-08-21,2017-02-17,Advanced,cancelled,839.33
223,Intermediate History Course,history,61,2020-11-29,2021-02-27,Intermediate,cancelled,544.09
224,Intermediate Maths Course,maths,25,2023-04-24,2023-07-23,Intermediate,archived,366.6
225,Intermediate Art Course,art,32,2022-08-28,2022-11-26,Intermediate,cancelled,472.73
226,Intermediate Maths Course,maths,46,2019-03-22,2019-09-18,Intermediate,cancelled,503.3
227,Beginner Spanish Course,spanish,35,2011-12-08,2012-01-07,Beginner,archived,205.07
228,Beginner Physics Course,physics,83,2019-05-24,2019-08-22,Beginner,cancelled,174.38
229,Intermediate German Course,german,12,2024-11-03,2025-05-02,Intermediate,archived,443.35
230,Advanced History Course,history,49,2013-09-30,2013-10-30,Advanced,archived,666.59
231,Beginner History Course,history,36,2009-02-15,2009-03-17,Beginner,archived,224.16
232,Intermediate Art Course,art,33,2015-03-08,2015-09-04,Intermediate,archived,353.37
233,Advanced History Course,history,71,2015-01-26,2015-07-25,Advanced,cancelled,616.95
234,Intermediate French Course,french,55,2022-04-24,2022-07-23,Intermediate,archived,361.74
235,Intermediate Biology Course,biology,7,2024-06-04,2024-07-04,Intermediate,archived,596.96
236,Beginner Biology Course,biology,1,2019-07-14,2019-10-12,Beginner,cancelled,287.33
237,Advanced French Course,french,55,2012-10-28,2013-04-26,Advanced,archived,792.52
238,Advanced English Course,english,2,2024-08-19,2024-09-18,Advanced,archived,793.97
239,Advanced Chemistry Course,chemistry,82,2015-04-18,2015-05-18,Advanced,cancelled,689.58
240,Advanced German Course,german,12,2015-10-20,2016-01-18,Advanced,archived,736.56
241,Advanced Spanish Course,spanish,77,2010-10-02,2011-03-31,Advanced,cancelled,884.45
242,Intermediate Physics Course,physics,6,2023-01-28,2023-02-27,Intermediate,cancelled,458.65
243,Intermediate Maths Course,maths,4,2010-09-26,2010-10-26,Intermediate,cancelled,591.56
244,Intermediate Art Course,art,32,2018-04-22,2018-10-19,Intermediate,cancelled,476.16
245,Advanced History Course,history,43,2012-12-14,2013-01-13,Advanced,cancelled,713.64
246,Intermediate French Course,french,8,2023-11-28,2024-02-26,Intermediate,archived,401.02
247,Beginner German Course,german,66,2020-01-27,2020-04-26,Beginner,cancelled,112.37
248,Beginner Biology Course,biology,38,2018-07-24,2018-10-22,Beginner,cancelled,113.99
249,Intermediate English Course,english,2,2009-04-20,2009-05-20,Intermediate,archived,366.65
250,Advanced Spanish Course,spanish,48,2019-07-22,2019-10-20,Advanced,cancelled,603.33
251,Advanced Art Course,art,32,2023-10-31,2023-11-30,Advanced,cancelled,668.41
252,Beginner History Course,history,5,2009-11-12,2010-02-10,Beginner,archived,275.38
253,Intermediate History Course,history,49,2015-07-10,2015-08-09,Intermediate,cancelled,570.91
254,Beginner Spanish Course,spanish,62,2013-10-12,2013-11-11,Beginner,archived,276.26
255,Advanced Physics Course,physics,83,2019-12-18,2020-06-15,Advanced,archived,851.9
256,Intermediate Biology Course,biology,19,2008-08-02,2008-09-01,Intermediate,archived,573.13
257,Advanced English Course,english,24,2011-03-18,2011-06-16,Advanced,archived,664.02
258,Advanced German Course,german,31,2011-11-18,2012-02-16,Advanced,cancelled,887.09
259,Advanced Art Course,art,68,2022-02-25,2022-03-27,Advanced,cancelled,829.36
260,Beginner Chemistry Course,chemistry,37,2014-08-23,2015-02-19,Beginner,archived,289.27
261,Intermediate History Course,history,22,2023-10-16,2023-11-15,Intermediate,cancelled,403.56
262,Intermediate German Course,german,31,2024-12-18,2025-03-18,Intermediate,cancelled,432.06
263,Intermediate Spanish Course,spanish,48,2016-05-05,2016-11-01,Intermediate,cancelled,489.8
264,Intermediate Biology Course,biology,7,2020-04-02,2020-05-02,Intermediate,archived,300.64
265,Intermediate Maths Course,maths,25,2011-10-09,2011-11-08,Intermediate,archived,574.32
266,Intermediate Maths Course,maths,63,2011-09-25,2011-12-24,Intermediate,archived,520.99
267,Intermediate Physics Course,physics,83,2018-07-27,2019-01-23,Intermediate,cancelled,526.5
268,Beginner Art Course,art,11,2024-07-13,2025-01-09,Beginner,archived,265.73
269,Advanced Spanish Course,spanish,35,2010-04-08,2010-10-05,Advanced,cancelled,746.34
270,Beginner German Course,german,66,2010-06-11,2010-09-09,Beginner,archived,247.53
271,Intermediate History Course,history,49,2013-04-15,2013-05-15,Intermediate,archived,538.3
272,Advanced Maths Course,maths,42,2020-12-31,2021-06-29,Advanced,archived,674.85
273,Advanced Biology Course,biology,74,2014-08-18,2014-11-16,Advanced,cancelled,723.92
274,Beginner French Course,french,8,2023-09-13,2024-03-11,Beginner,cancelled,165.31
275,Advanced German Course,german,66,2010-09-11,2011-03-10,Advanced,cancelled,689.83
276,Intermediate Chemistry Course,chemistry,29,2008-08-15,2008-11-13,Intermediate,archived,327.77
277,Beginner Biology Course,biology,26,2010-08-05,2010-11-03,Beginner,archived,123.12
278,Advanced History Course,history,3,2010-08-20,2011-02-16,Advanced,archived,770.57
279,Intermediate Art Course,art,32,2019-01-25,2019-02-24,Intermediate,archived,501.77
280,Intermediate History Course,history,22,2023-01-16,2023-02-15,Intermediate,archived,480.38
281,Intermediate Maths Course,maths,4,2021-04-06,2021-05-06,Intermediate,cancelled,578.54
282,Intermediate German Course,german,66,2024-06-02,2024-07-02,Intermediate,archived,303.5
283,Advanced Chemistry Course,chemistry,20,2016-08-16,2016-11-14,Advanced,cancelled,710.96
284,Beginner Chemistry Course,chemistry,72,2016-03-25,2016-04-24,Beginner,archived,101.42
285,Beginner German Course,german,31,2017-01-02,2017-02-01,Beginner,archived,179.68
286,Advanced Spanish Course,spanish,39,2022-05-08,2022-06-07,Advanced,archived,771.05
287,Beginner German Course,german,12,2009-04-02,2009-09-29,Beginner,archived,117.61
288,Advanced Spanish Course,spanish,39,2011-04-21,2011-10-18,Advanced,cancelled,849.19
289,Beginner Biology Course,biology,64,2015-05-16,2015-06-15,Beginner,archived,103.18
290,Advanced Biology Course,biology,19,2009-12-12,2010-01-11,Advanced,cancelled,606.7
291,Intermediate History Course,history,49,2012-01-23,2012-02-22,Intermediate,archived,405.82
292,Intermediate German Course,german,75,2023-01-11,2023-02-10,Intermediate,cancelled,469.66
293,Beginner French Course,french,8,2013-07-30,2013-10-28,Beginner,archived,191.05
294,Intermediate Chemistry Course,chemistry,58,2010-08-12,2010-11-10,Intermediate,cancelled,434.62
295,Intermediate German Course,german,75,2008-09-12,2009-03-11,Intermediate,cancelled,318.48
296,Beginner French Course,french,9,2008-06-10,2008-07-10,Beginner,cancelled,280.73
297,Beginner Chemistry Course,chemistry,67,2013-05-09,2013-11-05,Beginner,archived,203.71
298,Beginner French Course,french,8,2009-05-19,2009-08-17,Beginner,archived,296.16
299,Beginner Biology Course,biology,14,2015-11-13,2016-05-11,Beginner,cancelled,138.49
300,Advanced Chemistry Course,chemistry,80,2013-05-14,2013-06-13,Advanced,archived,824.39
301,Intermediate German Course,german,10,2008-05-20,2008-11-16,Intermediate,archived,572.9
302,Beginner Maths Course,maths,63,2012-09-03,2012-12-02,Beginner,archived,278.08
303,Intermediate History Course,history,61,2021-04-06,2021-10-03,Intermediate,archived,551.1
304,Intermediate Physics Course,physics,18,2014-06-12,2014-07-12,Intermediate,archived,357.56
305,Beginner Chemistry Course,chemistry,29,2009-07-01,2009-07-31,Beginner,archived,122.28
306,Intermediate Chemistry Course,chemistry,53,2014-07-24,2015-01-20,Intermediate,archived,396.48
307,Advanced Art Course,art,33,2024-11-14,2025-05-13,Advanced,active,676.65
308,Advanced Spanish Course,spanish,62,2012-08-20,2012-09-19,Advanced,cancelled,789.92
309,Advanced Physics Course,physics,44,2009-06-03,2009-07-03,Advanced,archived,648.69
310,Intermediate Spanish Course,spanish,39,2010-10-18,2011-04-16,Intermediate,archived,584.66
311,Beginner English Course,english,40,2015-12-28,2016-03-27,Beginner,archived,105.37
312,Intermediate Spanish Course,spanish,35,2017-06-11,2017-12-08,Intermediate,archived,546.46
313,Advanced Biology Course,biology,14,2020-11-17,2020-12-17,Advanced,archived,845.46
314,Intermediate Physics Course,physics,44,2023-03-23,2023-04-22,Intermediate,cancelled,374.69
315,Intermediate Spanish Course,spanish,35,2011-06-18,2011-12-15,Intermediate,archived,571.67
316,Intermediate German Course,german,31,2016-08-12,2016-11-10,Intermediate,archived,554.29
317,Intermediate Physics Course,physics,83,2009-10-05,2010-01-03,Intermediate,cancelled,587.23
318,Beginner History Course,history,5,2022-04-24,2022-07-23,Beginner,archived,243.0
319,Beginner German Course,german,75,2009-04-22,2009-10-19,Beginner,cancelled,265.85
320,Advanced Maths Course,maths,4,2012-02-18,2012-05-18,Advanced,cancelled,765.45
321,Advanced French Course,french,70,2015-08-12,2015-11-10,Advanced,archived,686.84
322,Intermediate History Course,history,73,2020-09-13,2021-03-12,Intermediate,cancelled,396.39
323,Advanced Art Course,art,33,2008-07-04,2008-08-03,Advanced,archived,832.56
324,Intermediate German Course,german,31,2020-11-28,2020-12-28,Intermediate,cancelled,448.27
325,Beginner French Course,french,55,2020-06-12,2020-07-12,Beginner,cancelled,262.1
326,Advanced French Course,french,55,2021-04-17,2021-05-17,Advanced,archived,710.58
327,Intermediate Art Course,art,21,2016-05-17,2016-06-16,Intermediate,cancelled,546.96
328,Advanced French Course,french,70,2020-01-24,2020-07-22,Advanced,archived,704.25
329,Beginner Art Course,art,32,2009-07-21,2009-10-19,Beginner,cancelled,147.59
330,Advanced Biology Course,biology,1,2018-08-24,2019-02-20,Advanced,archived,608.69
331,Intermediate Spanish Course,spanish,62,2008-07-27,2008-08-26,Intermediate,cancelled,431.76
332,Advanced Physics Course,physics,18,2016-03-08,2016-06-06,Advanced,archived,720.66
333,Intermediate Chemistry Course,chemistry,50,2010-01-22,2010-04-22,Intermediate,cancelled,482.07
334,Beginner Biology Course,biology,14,2018-03-03,2018-08-30,Beginner,archived,184.3
335,Beginner Maths Course,maths,25,2016-01-24,2016-02-23,Beginner,cancelled,164.62
336,Advanced Chemistry Course,chemistry,17,2014-07-19,2014-08-18,Advanced,cancelled,892.96
337,Intermediate Physics Course,physics,76,2016-01-06,2016-04-05,Intermediate,cancelled,551.36
338,Intermediate Biology Course,biology,54,2021-07-15,2021-08-14,Intermediate,cancelled,545.39
339,Intermediate Art Course,art,32,2022-03-31,2022-06-29,Intermediate,cancelled,498.93
340,Beginner Spanish Course,spanish,35,2014-01-01,2014-04-01,Beginner,archived,265.69
341,Advanced French Course,french,8,2008-10-24,2008-11-23,Advanced,archived,627.18
342,Intermediate Maths Course,maths,42,2018-06-11,2018-07-11,Intermediate,archived,442.36
343,Beginner Biology Course,biology,1,2015-06-24,2015-07-24,Beginner,cancelled,116.85
344,Advanced French Course,french,9,2024-02-26,2024-03-27,Advanced,archived,881.28
345,Advanced English Course,english,24,2018-10-31,2018-11-30,Advanced,archived,626.11
346,Intermediate Chemistry Course,chemistry,52,2023-07-03,2023-12-30,Intermediate,archived,363.54
347,Intermediate History Course,history,36,2012-03-21,2012-06-19,Intermediate,cancelled,442.47
348,Beginner Chemistry Course,chemistry,58,2021-09-18,2021-10-18,Beginner,archived,233.63
349,Advanced History Course,history,36,2015-01-11,2015-07-10,Advanced,cancelled,628.31
350,Beginner Physics Course,physics,6,2017-12-24,2018-01-23,Beginner,cancelled,295.43
351,Advanced History Course,history,43,2016-03-16,2016-04-15,Advanced,archived,787.27
352,Intermediate Physics Course,physics,44,2010-12-31,2011-03-31,Intermediate,cancelled,481.9
353,Advanced French Course,french,8,2023-02-14,2023-05-15,Advanced,archived,622.47
354,Advanced Art Course,art,68,2013-10-13,2014-04-11,Advanced,archived,718.05
355,Beginner History Course,history,3,2021-08-25,2021-11-23,Beginner,archived,253.76
356,Advanced Maths Course,maths,63,2012-06-08,2012-09-06,Advanced,archived,629.7
357,Beginner German Course,german,47,2023-12-21,2024-03-20,Beginner,cancelled,139.3
358,Intermediate Physics Course,physics,44,2020-09-10,2020-10-10,Intermediate,cancelled,567.06
359,Beginner Physics Course,physics,83,2019-04-27,2019-07-26,Beginner,cancelled,228.27
360,Advanced Spanish Course,spanish,62,2017-01-21,2017-04-21,Advanced,archived,859.12
361,Intermediate German Course,german,12,2017-12-16,2018-01-15,Intermediate,archived,568.87
362,Intermediate Chemistry Course,chemistry,82,2011-03-21,2011-06-19,Intermediate,archived,556.92
363,Intermediate History Course,history,43,2024-08-01,2024-08-31,Intermediate,cancelled,320.0
364,Intermediate Art Course,art,11,2008-05-31,2008-06-30,Intermediate,cancelled,449.79
365,Advanced Maths Course,maths,25,2021-09-25,2021-12-24,Advanced,archived,689.78
366,Advanced French Course,french,9,2020-11-30,2021-05-29,Advanced,archived,745.11
367,Advanced Maths Course,maths,46,2022-07-28,2023-01-24,Advanced,archived,749.67
368,Advanced Biology Course,biology,74,2021-07-31,2021-08-30,Advanced,archived,662.0
369,Intermediate History Course,history,61,2010-04-12,2010-05-12,Intermediate,cancelled,491.61
370,Advanced Biology Course,biology,14,2015-11-07,2016-02-05,Advanced,cancelled,624.87
371,Intermediate Chemistry Course,chemistry,56,2020-07-16,2021-01-12,Intermediate,cancelled,538.22
372,Advanced Biology Course,biology,54,2017-07-18,2018-01-14,Advanced,archived,666.91
373,Beginner Spanish Course,spanish,77,2015-12-21,2016-03-20,Beginner,cancelled,288.5
374,Intermediate Maths Course,maths,4,2019-04-10,2019-05-10,Intermediate,cancelled,427.78
375,Beginner Physics Course,physics,83,2017-06-25,2017-07-25,Beginner,cancelled,126.29
376,Intermediate German Course,german,12,2009-11-16,2010-02-14,Intermediate,cancelled,389.08
377,Beginner Physics Course,physics,76,2019-02-13,2019-05-14,Beginner,archived,257.16
378,Intermediate Physics Course,physics,83,2009-04-15,2009-10-12,Intermediate,cancelled,496.64
379,Intermediate Biology Course,biology,45,2010-10-24,2011-04-22,Intermediate,cancelled,542.67
380,Advanced Art Course,art,51,2015-10-21,2016-04-18,Advanced,cancelled,847.31
381,Beginner Chemistry Course,chemistry,16,2022-12-04,2023-01-03,Beginner,cancelled,108.92
382,Advanced German Course,german,12,2008-07-09,2009-01-05,Advanced,cancelled,672.93
383,Beginner Spanish Course,spanish,35,2023-05-28,2023-11-24,Beginner,cancelled,132.93
384,Beginner English Course,english,79,2025-01-25,2025-07-24,Beginner,archived,112.21
385,Intermediate Art Course,art,32,2010-12-15,2011-01-14,Intermediate,archived,428.47
386,Intermediate English Course,english,2,2020-09-07,2020-12-06,Intermediate,cancelled,585.97
387,Advanced French Course,french,8,2024-02-19,2024-03-20,Advanced,cancelled,876.58
388,Intermediate Physics Course,physics,18,2016-03-11,2016-06-09,Intermediate,cancelled,341.77
389,Intermediate Art Course,art,21,2009-01-13,2009-02-12,Intermediate,archived,497.06
390,Beginner English Course,english,79,2013-12-06,2014-01-05,Beginner,archived,114.57
391,Advanced History Course,history,3,2021-04-06,2021-07-05,Advanced,cancelled,843.37
392,Intermediate English Course,english,57,2022-03-21,2022-09-17,Intermediate,archived,521.99
393,Advanced Chemistry Course,chemistry,67,2021-11-07,2021-12-07,Advanced,cancelled,753.46
394,Intermediate Chemistry Course,chemistry,72,2023-10-27,2024-01-25,Intermediate,cancelled,463.69
395,Beginner Chemistry Course,chemistry,20,2010-11-06,2010-12-06,Beginner,archived,135.76
396,Intermediate History Course,history,73,2019-11-16,2020-05-14,Intermediate,cancelled,510.47
397,Intermediate German Course,german,12,2014-10-09,2014-11-08,Intermediate,archived,462.31
398,Beginner History Course,history,71,2011-11-05,2012-05-03,Beginner,archived,178.6
399,Intermediate German Course,german,66,2019-07-03,2019-12-30,Intermediate,cancelled,434.4
400,Beginner English Course,english,2,2019-01-22,2019-07-21,Beginner,archived,110.34
401,Beginner English Course,english,79,2014-08-24,2014-09-23,Beginner,archived,214.77
402,Intermediate Spanish Course,spanish,62,2022-12-29,2023-01-28,Intermediate,archived,401.26
403,Beginner English Course,english,24,2024-07-23,2025-01-19,Beginner,cancelled,112.62
404,Intermediate History Course,history,61,2012-12-06,2013-03-06,Intermediate,archived,590.86
405,Advanced History Course,history,36,2018-07-29,2018-08-28,Advanced,cancelled,836.56
406,Advanced Spanish Course,spanish,48,2019-06-26,2019-07-26,Advanced,archived,631.44
407,Advanced Spanish Course,spanish,35,2012-07-05,2013-01-01,Advanced,archived,672.15
408,Intermediate Maths Course,maths,4,2017-08-30,2018-02-26,Intermediate,archived,342.95
409,Advanced Art Course,art,33,2016-08-18,2017-02-14,Advanced,cancelled,741.83
410,Beginner Maths Course,maths,60,2024-11-28,2024-12-28,Beginner,archived,114.5
411,Advanced Spanish Course,spanish,39,2012-12-02,2013-03-02,Advanced,archived,869.74
412,Advanced Maths Course,maths,60,2010-09-15,2011-03-14,Advanced,archived,814.43
413,Intermediate History Course,history,49,2021-08-19,2021-09-18,Intermediate,cancelled,383.93
414,Intermediate German Course,german,66,2022-04-08,2022-07-07,Intermediate,cancelled,435.43
415,Beginner Physics Course,physics,44,2016-01-01,2016-06-29,Beginner,cancelled,252.38
416,Advanced Art Course,art,21,2009-07-05,2009-08-04,Advanced,cancelled,868.12
417,Advanced English Course,english,79,2022-05-26,2022-08-24,Advanced,cancelled,848.24
418,Beginner Art Course,art,32,2012-05-21,2012-11-17,Beginner,archived,131.55
419,Beginner Biology Course,biology,1,2018-11-09,2019-02-07,Beginner,cancelled,238.84
420,Advanced Physics Course,physics,18,2015-12-09,2016-06-06,Advanced,cancelled,794.12
421,Advanced Chemistry Course,chemistry,67,2016-09-11,2016-10-11,Advanced,archived,643.95
422,Advanced Spanish Course,spanish,62,2010-01-09,2010-07-08,Advanced,cancelled,852.58
423,Advanced History Course,history,49,2009-10-03,2010-04-01,Advanced,archived,654.67
424,Advanced History Course,history,71,2018-07-11,2018-10-09,Advanced,cancelled,862.13
425,Beginner History Course,history,36,2023-03-24,2023-06-22,Beginner,cancelled,258.39
426,Intermediate Art Course,art,68,2025-03-21,2025-04-20,Intermediate,cancelled,432.76
427,Intermediate French Course,french,70,2019-12-30,2020-06-27,Intermediate,archived,508.57
428,Advanced Spanish Course,spanish,48,2022-10-06,2022-11-05,Advanced,cancelled,762.85
429,Advanced History Course,history,73,2023-08-05,2024-02-01,Advanced,archived,764.92
430,Beginner History Course,history,61,2018-11-15,2018-12-15,Beginner,archived,262.42
431,Advanced Art Course,art,11,2011-02-27,2011-03-29,Advanced,archived,744.63
432,Beginner English Course,english,24,2012-10-24,2013-04-22,Beginner,archived,122.52
433,Beginner German Course,german,10,2011-10-20,2012-04-17,Beginner,archived,235.57
434,Advanced Physics Course,physics,15,2016-09-16,2017-03-15,Advanced,archived,864.4
435,Advanced German Course,german,75,2019-07-18,2019-10-16,Advanced,cancelled,793.5
436,Intermediate Physics Course,physics,65,2019-08-26,2019-11-24,Intermediate,cancelled,309.34
437,Beginner French Course,french,70,2022-08-26,2023-02-22,Beginner,cancelled,218.02
438,Advanced Spanish Course,spanish,77,2011-06-17,2011-09-15,Advanced,cancelled,781.23
439,Intermediate German Course,german,66,2023-08-20,2023-11-18,Intermediate,archived,335.02
440,Advanced History Course,history,43,2013-04-14,2013-07-13,Advanced,archived,851.44
441,Beginner German Course,german,12,2022-03-04,2022-06-02,Beginner,cancelled,141.62
442,Intermediate Biology Course,biology,45,2016-04-01,2016-06-30,Intermediate,cancelled,328.69
443,Advanced Spanish Course,spanish,77,2016-08-11,2017-02-07,Advanced,archived,704.24
444,Intermediate Biology Course,biology,28,2023-12-02,2024-05-30,Intermediate,cancelled,584.14
445,Advanced Spanish Course,spanish,77,2009-09-06,2009-12-05,Advanced,archived,863.09
446,Advanced German Course,german,12,2017-07-26,2017-08-25,Advanced,archived,728.74
447,Advanced German Course,german,12,2015-07-25,2015-08-24,Advanced,archived,726.74
448,Intermediate Physics Course,physics,65,2021-10-31,2022-04-29,Intermediate,cancelled,378.46
449,Beginner Maths Course,maths,42,2024-04-11,2024-07-10,Beginner,cancelled,121.47
450,Intermediate Physics Course,physics,18,2011-10-30,2012-01-28,Intermediate,archived,441.91
451,Advanced Spanish Course,spanish,39,2015-07-03,2015-08-02,Advanced,cancelled,765.06
452,Intermediate Maths Course,maths,4,2013-09-03,2013-12-02,Intermediate,archived,446.47
453,Advanced Physics Course,physics,15,2012-09-24,2012-12-23,Advanced,archived,714.95
454,Advanced German Course,german,31,2019-08-25,2019-09-24,Advanced,archived,671.48
455,Beginner English Course,english,40,2019-06-30,2019-07-30,Beginner,archived,150.59
456,Advanced English Course,english,24,2009-06-25,2009-12-22,Advanced,cancelled,824.8
457,Advanced Physics Course,physics,44,2014-03-20,2014-09-16,Advanced,archived,706.91
458,Intermediate Chemistry Course,chemistry,67,2016-08-10,2016-09-09,Intermediate,cancelled,505.92
459,Beginner Spanish Course,spanish,48,2014-03-18,2014-04-17,Beginner,archived,100.58
460,Advanced Biology Course,biology,7,2015-05-22,2015-11-18,Advanced,archived,784.67
461,Advanced Biology Course,biology,41,2018-09-22,2018-12-21,Advanced,archived,642.4
462,Intermediate History Course,history,36,2021-01-05,2021-07-04,Intermediate,cancelled,459.4
463,Intermediate German Course,german,75,2013-05-02,2013-10-29,Intermediate,cancelled,544.82
464,Intermediate Biology Course,biology,38,2019-04-16,2019-05-16,Intermediate,archived,446.22
465,Intermediate Biology Course,biology,14,2023-08-16,2023-11-14,Intermediate,cancelled,347.35
466,Intermediate French Course,french,55,2019-05-02,2019-10-29,Intermediate,cancelled,522.63
467,Advanced Biology Course,biology,45,2009-10-25,2010-01-23,Advanced,archived,889.38
468,Beginner Spanish Course,spanish,62,2023-08-20,2024-02-16,Beginner,archived,136.3
469,Intermediate French Course,french,8,2015-04-01,2015-05-01,Intermediate,cancelled,375.72
470,Intermediate Spanish Course,spanish,35,2011-05-31,2011-08-29,Intermediate,archived,511.71
471,Beginner Physics Course,physics,15,2011-01-18,2011-07-17,Beginner,archived,262.78
472,Advanced French Course,french,70,2021-11-22,2022-02-20,Advanced,archived,881.07
473,Intermediate Maths Course,maths,25,2017-07-27,2017-08-26,Intermediate,cancelled,470.59
474,Advanced French Course,french,8,2012-11-07,2013-02-05,Advanced,archived,825.64
475,Beginner Biology Course,biology,64,2018-01-31,2018-03-02,Beginner,cancelled,299.48
476,Advanced French Course,french,9,2021-06-14,2021-09-12,Advanced,cancelled,667.73
477,Intermediate German Course,german,66,2023-07-30,2023-10-28,Intermediate,cancelled,428.26
478,Advanced Biology Course,biology,28,2010-01-25,2010-04-25,Advanced,archived,898.33
479,Advanced Spanish Course,spanish,35,2021-12-05,2022-01-04,Advanced,cancelled,688.03
480,Advanced Maths Course,maths,78,2012-01-13,2012-04-12,Advanced,archived,801.84
481,Advanced Chemistry Course,chemistry,52,2010-03-15,2010-09-11,Advanced,archived,745.51
482,Advanced Biology Course,biology,45,2018-10-12,2018-11-11,Advanced,archived,704.55
483,Beginner Biology Course,biology,45,2009-03-19,2009-04-18,Beginner,cancelled,181.32
484,Beginner English Course,english,79,2016-02-16,2016-08-14,Beginner,archived,149.74
485,Intermediate French Course,french,70,2020-07-08,2020-08-07,Intermediate,cancelled,451.52
486,Beginner Physics Course,physics,76,2014-07-20,2014-08-19,Beginner,cancelled,160.33
487,Beginner Chemistry Course,chemistry,17,2024-12-09,2025-06-07,Beginner,archived,112.9
488,Intermediate Chemistry Course,chemistry,37,2024-09-09,2025-03-08,Intermediate,cancelled,502.22
489,Advanced Chemistry Course,chemistry,16,2017-06-01,2017-11-28,Advanced,cancelled,782.61
490,Advanced Maths Course,maths,63,2020-09-26,2020-10-26,Advanced,archived,758.07
491,Beginner French Course,french,9,2016-06-12,2016-09-10,Beginner,archived,263.78
492,Beginner Spanish Course,spanish,39,2021-11-03,2022-05-02,Beginner,cancelled,282.74
493,Intermediate German Course,german,47,2014-12-24,2015-06-22,Intermediate,archived,494.81
494,Beginner Spanish Course,spanish,35,2017-04-08,2017-05-08,Beginner,archived,101.64
495,Beginner Physics Course,physics,6,2018-05-31,2018-08-29,Beginner,archived,231.6
496,Advanced Physics Course,physics,83,2011-03-05,2011-09-01,Advanced,cancelled,637.19
497,Advanced Spanish Course,spanish,35,2013-07-14,2014-01-10,Advanced,cancelled,673.05
498,Intermediate Spanish Course,spanish,77,2012-10-19,2012-11-18,Intermediate,cancelled,324.3
499,Intermediate Art Course,art,32,2020-03-25,2020-04-24,Intermediate,cancelled,563.89
500,Advanced Biology Course,biology,74,2024-08-06,2024-11-04,Advanced,cancelled,809.41
501,Advanced Physics Course,physics,6,2023-07-20,2023-08-19,Advanced,archived,610.82
502,Intermediate Maths Course,maths,63,2017-03-27,2017-04-26,Intermediate,cancelled,318.58
503,Intermediate Art Course,art,32,2018-08-27,2018-11-25,Intermediate,cancelled,355.93
504,Advanced Chemistry Course,chemistry,56,2016-04-08,2016-07-07,Advanced,archived,826.41
505,Intermediate Chemistry Course,chemistry,30,2014-11-09,2015-05-08,Intermediate,cancelled,582.5
506,Advanced History Course,history,73,2020-05-23,2020-08-21,Advanced,archived,823.91
507,Beginner Biology Course,biology,74,2015-02-26,2015-08-25,Beginner,archived,112.91
508,Beginner Maths Course,maths,63,2018-03-18,2018-04-17,Beginner,cancelled,167.32
509,Beginner Chemistry Course,chemistry,72,2021-11-10,2022-05-09,Beginner,cancelled,186.45
510,Intermediate Spanish Course,spanish,39,2017-01-26,2017-04-26,Intermediate,archived,386.42
511,Intermediate German Course,german,12,2024-10-23,2025-01-21,Intermediate,cancelled,375.65
512,Intermediate Chemistry Course,chemistry,30,2019-06-07,2019-12-04,Intermediate,cancelled,422.3
513,Beginner Spanish Course,spanish,48,2021-07-01,2021-07-31,Beginner,cancelled,236.38
514,Intermediate Physics Course,physics,15,2020-09-11,2020-10-11,Intermediate,cancelled,321.46
515,Advanced Chemistry Course,chemistry,53,2020-10-13,2020-11-12,Advanced,archived,727.46
516,Beginner Biology Course,biology,41,2015-08-17,2016-02-13,Beginner,cancelled,161.58
517,Intermediate German Course,german,12,2013-09-17,2013-10-17,Intermediate,cancelled,423.38
518,Intermediate History Course,history,36,2016-11-22,2017-02-20,Intermediate,archived,321.1
519,Intermediate Spanish Course,spanish,39,2020-03-17,2020-06-15,Intermediate,cancelled,484.34
520,Beginner Spanish Course,spanish,35,2016-07-02,2016-09-30,Beginner,archived,246.8
521,Advanced History Course,history,5,2022-08-21,2022-09-20,Advanced,archived,634.23
522,Beginner Physics Course,physics,15,2021-08-07,2022-02-03,Beginner,cancelled,212.57
523,Beginner English Course,english,79,2022-03-27,2022-06-25,Beginner,cancelled,206.42
524,Advanced English Course,english,2,2023-03-11,2023-09-07,Advanced,cancelled,745.67
525,Beginner Biology Course,biology,14,2023-05-09,2023-06-08,Beginner,archived,194.61
526,Beginner French Course,french,70,2015-04-24,2015-10-21,Beginner,archived,260.52
527,Beginner Chemistry Course,chemistry,58,2012-12-25,2013-01-24,Beginner,archived,165.8
528,Beginner Art Course,art,33,2023-08-26,2023-11-24,Beginner,cancelled,104.63
529,Intermediate Biology Course,biology,19,2014-05-05,2014-08-03,Intermediate,archived,483.09
530,Intermediate History Course,history,61,2019-09-09,2019-12-08,Intermediate,archived,361.69
531,Intermediate German Course,german,12,2011-05-10,2011-11-06,Intermediate,cancelled,561.11
532,Intermediate Maths Course,maths,63,2023-01-23,2023-07-22,Intermediate,archived,587.18
533,Advanced Physics Course,physics,44,2018-11-24,2018-12-24,Advanced,archived,826.78
534,Intermediate French Course,french,55,2020-07-07,2020-10-05,Intermediate,archived,361.43
535,Advanced Biology Course,biology,26,2009-09-01,2009-10-01,Advanced,cancelled,768.28
536,Advanced Biology Course,biology,64,2021-01-26,2021-07-25,Advanced,archived,719.26
537,Advanced Chemistry Course,chemistry,16,2021-08-08,2021-09-07,Advanced,cancelled,795.48
538,Beginner Physics Course,physics,44,2009-08-11,2009-09-10,Beginner,archived,238.57
539,Intermediate Biology Course,biology,41,2022-09-18,2023-03-17,Intermediate,cancelled,576.23
540,Advanced Maths Course,maths,78,2013-01-09,2013-07-08,Advanced,archived,888.24
541,Beginner Biology Course,biology,28,2012-11-03,2012-12-03,Beginner,cancelled,225.08
542,Beginner Physics Course,physics,6,2021-03-12,2021-09-08,Beginner,archived,130.33
543,Intermediate Maths Course,maths,42,2019-12-28,2020-03-27,Intermediate,archived,409.28
544,Beginner Spanish Course,spanish,35,2018-12-09,2019-03-09,Beginner,archived,188.61
545,Intermediate History Course,history,43,2020-11-07,2021-02-05,Intermediate,cancelled,492.74
546,Intermediate French Course,french,9,2012-01-17,2012-02-16,Intermediate,archived,552.81
547,Advanced French Course,french,8,2021-05-30,2021-11-26,Advanced,cancelled,781.57
548,Beginner French Course,french,9,2011-04-19,2011-05-19,Beginner,archived,258.83
549,Beginner Physics Course,physics,76,2015-01-16,2015-02-15,Beginner,cancelled,126.43
550,Advanced German Course,german,75,2015-03-14,2015-09-10,Advanced,cancelled,689.01
551,Advanced Physics Course,physics,65,2019-11-18,2019-12-18,Advanced,archived,631.54
552,Advanced Art Course,art,21,2022-02-09,2022-03-11,Advanced,archived,771.4
553,Advanced Physics Course,physics,6,2008-06-02,2008-07-02,Advanced,cancelled,765.23
554,Intermediate Spanish Course,spanish,62,2014-02-11,2014-03-13,Intermediate,cancelled,489.75
555,Intermediate Maths Course,maths,63,2020-02-09,2020-05-09,Intermediate,cancelled,569.7
556,Beginner English Course,english,40,2020-01-15,2020-02-14,Beginner,cancelled,132.41
557,Intermediate Physics Course,physics,15,2023-07-11,2023-08-10,Intermediate,cancelled,329.27
558,Intermediate French Course,french,8,2020-05-23,2020-11-19,Intermediate,archived,426.91
559,Intermediate German Course,german,47,2020-07-16,2020-10-14,Intermediate,archived,494.55
560,Advanced Spanish Course,spanish,77,2010-12-18,2011-06-16,Advanced,archived,787.53
561,Advanced Chemistry Course,chemistry,17,2009-11-30,2010-02-28,Advanced,archived,633.75
562,Intermediate Physics Course,physics,83,2013-02-12,2013-05-13,Intermediate,cancelled,575.23
563,Beginner History Course,history,49,2014-05-02,2014-06-01,Beginner,archived,259.42
564,Beginner Physics Course,physics,44,2013-08-13,2013-09-12,Beginner,cancelled,217.02
565,Intermediate Biology Course,biology,19,2016-01-28,2016-07-26,Intermediate,cancelled,471.27
566,Beginner Chemistry Course,chemistry,27,2010-03-08,2010-04-07,Beginner,cancelled,217.32
567,Advanced German Course,german,75,2023-09-24,2024-03-22,Advanced,cancelled,786.88
568,Advanced Chemistry Course,chemistry,52,2020-09-19,2020-12-18,Advanced,archived,789.85
569,Beginner Spanish Course,spanish,35,2011-10-01,2011-10-31,Beginner,cancelled,163.49
570,Intermediate Biology Course,biology,19,2013-12-19,2014-06-17,Intermediate,archived,488.29
571,Intermediate Physics Course,physics,15,2024-06-23,2024-09-21,Intermediate,cancelled,518.73
572,Beginner English Course,english,40,2013-05-01,2013-07-30,Beginner,cancelled,232.16
573,Beginner French Course,french,70,2009-10-31,2009-11-30,Beginner,archived,295.62
574,Intermediate Spanish Course,spanish,39,2021-01-12,2021-04-12,Intermediate,archived,401.0
575,Advanced Art Course,art,68,2024-01-19,2024-02-18,Advanced,archived,888.75
576,Intermediate History Course,history,36,2008-07-05,2009-01-01,Intermediate,archived,302.56
577,Advanced Art Course,art,11,2014-01-04,2014-07-03,Advanced,archived,816.71
578,Advanced German Course,german,10,2018-01-02,2018-04-02,Advanced,archived,651.62
579,Advanced French Course,french,70,2018-12-31,2019-01-30,Advanced,cancelled,856.38
580,Intermediate English Course,english,57,2016-01-10,2016-04-09,Intermediate,archived,437.05
581,Intermediate Biology Course,biology,7,2012-01-20,2012-02-19,Intermediate,cancelled,584.99
582,Intermediate Spanish Course,spanish,35,2022-12-25,2023-06-23,Intermediate,cancelled,412.03
583,Beginner Spanish Course,spanish,35,2009-10-01,2009-12-30,Beginner,cancelled,115.98
584,Advanced Art Course,art,51,2020-03-21,2020-09-17,Advanced,cancelled,779.37
585,Beginner Physics Course,physics,65,2009-03-14,2009-06-12,Beginner,archived,188.99
586,Intermediate French Course,french,9,2009-12-21,2010-06-19,Intermediate,cancelled,508.17
587,Intermediate French Course,french,55,2010-06-22,2010-07-22,Intermediate,cancelled,491.47
588,Beginner Biology Course,biology,74,2011-07-03,2011-12-30,Beginner,archived,218.7
589,Beginner Physics Course,physics,18,2025-02-01,2025-05-02,Beginner,archived,139.55
590,Intermediate Biology Course,biology,54,2020-10-14,2021-04-12,Intermediate,cancelled,411.1
591,Advanced Maths Course,maths,42,2022-04-03,2022-09-30,Advanced,archived,765.34
592,Beginner English Course,english,40,2009-12-26,2010-03-26,Beginner,archived,177.15
593,Beginner History Course,history,71,2009-05-10,2009-06-09,Beginner,cancelled,272.84
594,Intermediate Chemistry Course,chemistry,30,2021-07-01,2021-09-29,Intermediate,archived,491.25
595,Advanced Physics Course,physics,44,2014-09-13,2015-03-12,Advanced,archived,679.94
596,Beginner Spanish Course,spanish,48,2012-08-21,2012-11-19,Beginner,cancelled,217.25
597,Beginner Maths Course,maths,25,2008-11-16,2008-12-16,Beginner,cancelled,105.51
598,Beginner French Course,french,70,2023-10-10,2024-04-07,Beginner,cancelled,222.7
599,Beginner French Course,french,55,2019-03-14,2019-04-13,Beginner,cancelled,226.46
600,Beginner Spanish Course,spanish,48,2014-01-29,2014-07-28,Beginner,archived,172.62
601,Advanced German Course,german,12,2016-10-25,2016-11-24,Advanced,cancelled,767.74
602,Beginner French Course,french,70,2014-06-18,2014-12-15,Beginner,archived,238.29
603,Intermediate Maths Course,maths,46,2015-10-30,2016-01-28,Intermediate,cancelled,400.32
604,Intermediate Chemistry Course,chemistry,80,2012-08-19,2012-11-17,Intermediate,cancelled,415.56
605,Intermediate Spanish Course,spanish,39,2020-04-29,2020-05-29,Intermediate,cancelled,583.72
606,Advanced German Course,german,10,2022-11-19,2023-05-18,Advanced,archived,813.47
607,Advanced Spanish Course,spanish,77,2018-03-14,2018-04-13,Advanced,archived,687.82
608,Advanced French Course,french,9,2009-06-01,2009-11-28,Advanced,archived,777.18
609,Intermediate Biology Course,biology,1,2024-02-29,2024-05-29,Intermediate,cancelled,354.62
610,Beginner Maths Course,maths,63,2021-02-05,2021-08-04,Beginner,cancelled,179.62
611,Intermediate Spanish Course,spanish,48,2024-08-15,2024-11-13,Intermediate,cancelled,537.5
612,Advanced Art Course,art,68,2008-12-31,2009-01-30,Advanced,archived,705.75
613,Advanced Maths Course,maths,60,2022-04-16,2022-05-16,Advanced,cancelled,894.24
614,Intermediate German Course,german,10,2025-03-18,2025-04-17,Intermediate,archived,577.05
615,Intermediate Maths Course,maths,42,2019-10-02,2019-12-31,Intermediate,cancelled,346.89
616,Intermediate Chemistry Course,chemistry,56,2014-03-06,2014-04-05,Intermediate,cancelled,584.46
617,Beginner English Course,english,2,2011-11-10,2012-02-08,Beginner,archived,187.73
618,Beginner French Course,french,55,2014-05-29,2014-06-28,Beginner,archived,238.6
619,Beginner Physics Course,physics,6,2010-12-21,2011-01-20,Beginner,cancelled,256.57
620,Intermediate English Course,english,40,2009-10-29,2009-11-28,Intermediate,archived,392.15
621,Advanced Physics Course,physics,65,2024-06-05,2024-12-02,Advanced,archived,671.76
622,Advanced Biology Course,biology,7,2019-06-15,2019-07-15,Advanced,cancelled,668.34
623,Beginner German Course,german,31,2015-04-05,2015-07-04,Beginner,archived,140.78
624,Beginner Chemistry Course,chemistry,82,2012-01-05,2012-07-03,Beginner,archived,274.94
625,Beginner Spanish Course,spanish,62,2009-08-11,2010-02-07,Beginner,cancelled,258.51
626,Intermediate Biology Course,biology,19,2013-06-29,2013-07-29,Intermediate,cancelled,425.89
627,Intermediate History Course,history,49,2019-01-09,2019-04-09,Intermediate,archived,451.09
628,Advanced English Course,english,24,2022-10-17,2023-04-15,Advanced,archived,684.88
629,Beginner French Course,french,70,2014-12-06,2015-01-05,Beginner,cancelled,128.22
630,Advanced Maths Course,maths,25,2009-08-20,2009-09-19,Advanced,archived,613.97
631,Advanced Spanish Course,spanish,48,2024-07-23,2025-01-19,Advanced,cancelled,617.57
632,Advanced German Course,german,31,2016-10-09,2017-04-07,Advanced,archived,628.06
633,Advanced English Course,english,24,2024-06-08,2024-09-06,Advanced,cancelled,706.09
634,Intermediate Biology Course,biology,19,2016-10-01,2017-03-30,Intermediate,cancelled,552.18
635,Advanced Chemistry Course,chemistry,56,2020-08-16,2021-02-12,Advanced,cancelled,882.67
636,Beginner Physics Course,physics,44,2015-03-25,2015-04-24,Beginner,cancelled,270.99
637,Intermediate Spanish Course,spanish,77,2018-01-06,2018-02-05,Intermediate,archived,431.62
638,Advanced Physics Course,physics,15,2022-02-18,2022-05-19,Advanced,archived,878.76
639,Advanced History Course,history,5,2021-03-13,2021-09-09,Advanced,cancelled,708.86
640,Beginner History Course,history,71,2016-04-22,2016-07-21,Beginner,archived,200.92
641,Beginner French Course,french,55,2024-01-19,2024-04-18,Beginner,archived,289.73
642,Beginner German Course,german,31,2017-09-22,2017-12-21,Beginner,cancelled,194.98
643,Intermediate Chemistry Course,chemistry,53,2022-03-19,2022-06-17,Intermediate,cancelled,553.95
644,Advanced Spanish Course,spanish,77,2016-10-09,2016-11-08,Advanced,archived,734.87
645,Advanced German Course,german,66,2010-07-18,2010-10-16,Advanced,archived,750.01
646,Advanced French Course,french,70,2013-09-16,2013-10-16,Advanced,archived,872.64
647,Advanced French Course,french,9,2012-01-12,2012-02-11,Advanced,cancelled,788.82
648,Beginner Chemistry Course,chemistry,50,2021-06-10,2021-09-08,Beginner,archived,179.89
649,Beginner History Course,history,3,2013-03-17,2013-06-15,Beginner,archived,234.47
650,Beginner Spanish Course,spanish,62,2017-01-12,2017-04-12,Beginner,archived,295.64
651,Beginner Biology Course,biology,38,2012-05-22,2012-06-21,Beginner,cancelled,296.55
652,Advanced Chemistry Course,chemistry,17,2019-01-26,2019-04-26,Advanced,archived,674.25
653,Beginner History Course,history,71,2017-10-15,2018-01-13,Beginner,cancelled,230.32
654,Beginner French Course,french,9,2015-04-13,2015-05-13,Beginner,cancelled,250.27
655,Intermediate English Course,english,79,2014-02-13,2014-03-15,Intermediate,cancelled,316.55
656,Intermediate English Course,english,57,2009-10-14,2009-11-13,Intermediate,archived,400.93
657,Advanced French Course,french,70,2014-03-11,2014-04-10,Advanced,cancelled,650.38
658,Intermediate History Course,history,3,2022-02-20,2022-08-19,Intermediate,archived,388.09
659,Advanced Chemistry Course,chemistry,17,2008-06-12,2008-07-12,Advanced,cancelled,753.47
660,Advanced Maths Course,maths,42,2023-03-23,2023-06-21,Advanced,cancelled,647.09
661,Beginner Chemistry Course,chemistry,50,2010-11-10,2011-02-08,Beginner,archived,103.99
662,Intermediate Spanish Course,spanish,48,2011-07-07,2012-01-03,Intermediate,cancelled,417.45
663,Beginner Biology Course,biology,26,2010-09-16,2010-10-16,Beginner,cancelled,220.55
664,Intermediate History Course,history,43,2025-03-25,2025-09-21,Intermediate,cancelled,344.66
665,Advanced History Course,history,5,2015-12-26,2016-03-25,Advanced,archived,603.08
666,Advanced Spanish Course,spanish,62,2022-07-05,2022-10-03,Advanced,cancelled,647.88
667,Advanced Spanish Course,spanish,77,2013-12-29,2014-06-27,Advanced,archived,853.85
668,Beginner German Course,german,12,2025-01-18,2025-04-18,Beginner,cancelled,192.17
669,Beginner Spanish Course,spanish,39,2013-10-02,2013-12-31,Beginner,archived,227.56
670,Beginner Biology Course,biology,1,2013-12-13,2014-03-13,Beginner,archived,288.69
671,Beginner Biology Course,biology,1,2011-12-07,2012-06-04,Beginner,archived,174.91
672,Advanced French Course,french,55,2011-10-04,2011-11-03,Advanced,cancelled,899.15
673,Beginner German Course,german,31,2020-09-08,2020-12-07,Beginner,cancelled,169.95
674,Beginner Biology Course,biology,1,2023-12-13,2024-06-10,Beginner,archived,115.81
675,Intermediate Maths Course,maths,42,2008-07-16,2008-08-15,Intermediate,cancelled,553.91
676,Beginner English Course,english,57,2015-01-19,2015-02-18,Beginner,cancelled,140.14
677,Beginner English Course,english,24,2015-10-02,2016-03-30,Beginner,archived,192.26
678,Advanced Art Course,art,51,2010-04-01,2010-05-01,Advanced,cancelled,633.92
679,Advanced Chemistry Course,chemistry,56,2019-03-05,2019-04-04,Advanced,cancelled,694.3
680,Intermediate French Course,french,55,2017-11-12,2018-02-10,Intermediate,cancelled,543.09
681,Beginner Art Course,art,11,2013-08-01,2013-10-30,Beginner,cancelled,132.3
682,Beginner English Course,english,79,2011-02-02,2011-05-03,Beginner,archived,296.11
683,Beginner German Course,german,66,2023-11-19,2024-02-17,Beginner,archived,189.05
684,Intermediate Physics Course,physics,44,2019-07-28,2020-01-24,Intermediate,archived,534.19
685,Advanced English Course,english,79,2010-06-09,2010-07-09,Advanced,archived,643.44
686,Advanced Chemistry Course,chemistry,30,2023-05-18,2023-08-16,Advanced,cancelled,619.48
687,Beginner Maths Course,maths,46,2009-08-16,2009-09-15,Beginner,archived,253.65
688,Advanced History Course,history,61,2022-05-07,2022-11-03,Advanced,archived,780.15
689,Beginner Biology Course,biology,54,2022-04-30,2022-05-30,Beginner,cancelled,240.93
690,Beginner French Course,french,8,2024-02-05,2024-03-06,Beginner,archived,113.05
691,Intermediate French Course,french,55,2023-06-29,2023-09-27,Intermediate,cancelled,562.73
692,Advanced French Course,french,8,2009-08-14,2009-11-12,Advanced,cancelled,789.5
693,Advanced History Course,history,43,2016-11-01,2017-01-30,Advanced,cancelled,806.09
694,Advanced Biology Course,biology,54,2016-02-03,2016-03-04,Advanced,cancelled,826.23
695,Advanced Spanish Course,spanish,39,2009-06-16,2009-07-16,Advanced,cancelled,821.25
696,Beginner Maths Course,maths,25,2018-06-22,2018-07-22,Beginner,archived,283.23
697,Beginner Chemistry Course,chemistry,37,2022-01-06,2022-02-05,Beginner,archived,253.57
698,Intermediate History Course,history,43,2022-09-11,2023-03-10,Intermediate,cancelled,482.22
699,Advanced Art Course,art,21,2019-07-14,2020-01-10,Advanced,cancelled,681.83
700,Intermediate Art Course,art,32,2008-11-28,2009-02-26,Intermediate,archived,408.87
701,Advanced Art Course,art,32,2013-01-18,2013-04-18,Advanced,cancelled,886.63
702,Intermediate Chemistry Course,chemistry,82,2020-12-24,2021-03-24,Intermediate,archived,507.5
703,Intermediate German Course,german,12,2019-02-12,2019-03-14,Intermediate,cancelled,472.1
704,Beginner Spanish Course,spanish,48,2017-03-14,2017-06-12,Beginner,cancelled,275.76
705,Beginner Physics Course,physics,76,2016-07-14,2016-08-13,Beginner,cancelled,291.7
706,Advanced Chemistry Course,chemistry,82,2016-10-31,2016-11-30,Advanced,cancelled,896.2
707,Advanced History Course,history,5,2014-08-29,2014-09-28,Advanced,cancelled,629.7
708,Intermediate Chemistry Course,chemistry,16,2012-05-31,2012-06-30,Intermediate,cancelled,423.74
709,Intermediate Spanish Course,spanish,48,2018-02-21,2018-08-20,Intermediate,cancelled,313.96
710,Advanced English Course,english,79,2019-02-16,2019-03-18,Advanced,cancelled,895.05
711,Advanced Physics Course,physics,65,2020-11-02,2021-01-31,Advanced,archived,661.08
712,Advanced History Course,history,61,2010-11-14,2011-05-13,Advanced,cancelled,763.08
713,Advanced History Course,history,73,2024-03-13,2024-09-09,Advanced,cancelled,715.88
714,Intermediate Biology Course,biology,14,2020-06-06,2020-12-03,Intermediate,cancelled,302.27
715,Advanced Physics Course,physics,15,2017-09-22,2018-03-21,Advanced,cancelled,836.76
716,Intermediate English Course,english,24,2017-08-31,2017-09-30,Intermediate,archived,535.73
717,Beginner English Course,english,24,2019-08-17,2020-02-13,Beginner,archived,171.46
718,Beginner English Course,english,40,2021-04-26,2021-07-25,Beginner,archived,160.83
719,Advanced Chemistry Course,chemistry,37,2018-06-01,2018-11-28,Advanced,cancelled,816.2
720,Advanced English Course,english,79,2010-03-11,2010-04-10,Advanced,archived,747.15
721,Advanced Physics Course,physics,83,2024-03-23,2024-09-19,Advanced,archived,692.37
722,Beginner Spanish Course,spanish,62,2024-11-27,2025-05-26,Beginner,cancelled,280.39
723,Beginner Spanish Course,spanish,77,2019-01-02,2019-07-01,Beginner,cancelled,188.04
724,Intermediate Physics Course,physics,18,2015-04-29,2015-07-28,Intermediate,cancelled,516.96
725,Intermediate Physics Course,physics,76,2021-03-13,2021-06-11,Intermediate,archived,409.41
726,Intermediate French Course,french,55,2008-08-16,2009-02-12,Intermediate,archived,376.31
727,Beginner English Course,english,57,2013-09-25,2013-10-25,Beginner,archived,170.94
728,Advanced Maths Course,maths,42,2023-10-05,2023-11-04,Advanced,archived,646.53
729,Beginner Spanish Course,spanish,48,2018-01-02,2018-04-02,Beginner,cancelled,133.14
730,Advanced Physics Course,physics,6,2010-04-21,2010-07-20,Advanced,archived,880.03
731,Intermediate Biology Course,biology,19,2019-11-13,2020-05-11,Intermediate,archived,360.55
732,Advanced Biology Course,biology,19,2024-08-25,2024-09-24,Advanced,cancelled,767.26
733,Advanced German Course,german,10,2012-04-06,2012-10-03,Advanced,cancelled,628.94
734,Intermediate Biology Course,biology,54,2020-08-07,2021-02-03,Intermediate,archived,581.62
735,Intermediate Chemistry Course,chemistry,29,2022-12-15,2023-06-13,Intermediate,archived,493.99
736,Beginner Spanish Course,spanish,39,2012-05-31,2012-11-27,Beginner,archived,286.56
737,Beginner Biology Course,biology,38,2008-07-25,2009-01-21,Beginner,cancelled,265.42
738,Advanced Biology Course,biology,34,2024-02-09,2024-08-07,Advanced,cancelled,696.21
739,Intermediate German Course,german,10,2013-05-21,2013-11-17,Intermediate,cancelled,370.64
740,Intermediate Spanish Course,spanish,35,2020-08-02,2020-09-01,Intermediate,cancelled,513.77
741,Advanced Art Course,art,32,2016-09-25,2016-12-24,Advanced,cancelled,842.75
742,Intermediate Physics Course,physics,65,2015-06-27,2015-09-25,Intermediate,archived,579.81
743,Advanced Chemistry Course,chemistry,59,2024-11-04,2025-02-02,Advanced,cancelled,731.8
744,Intermediate Maths Course,maths,42,2023-11-22,2024-05-20,Intermediate,archived,556.08
745,Advanced English Course,english,2,2024-03-30,2024-09-26,Advanced,cancelled,823.67
746,Intermediate French Course,french,55,2017-12-10,2018-01-09,Intermediate,archived,400.95
747,Intermediate Biology Course,biology,1,2021-12-20,2022-01-19,Intermediate,archived,570.72
748,Advanced French Course,french,70,2010-06-07,2010-09-05,Advanced,cancelled,888.15
749,Intermediate Biology Course,biology,28,2015-08-31,2015-09-30,Intermediate,archived,592.86
750,Intermediate History Course,history,71,2018-01-18,2018-07-17,Intermediate,archived,412.59
751,Beginner French Course,french,8,2022-06-24,2022-09-22,Beginner,archived,238.17
752,Beginner Chemistry Course,chemistry,80,2020-10-29,2021-04-27,Beginner,cancelled,242.35
753,Intermediate German Course,german,31,2025-04-11,2025-10-08,Intermediate,cancelled,406.5
754,Advanced Spanish Course,spanish,35,2018-10-24,2018-11-23,Advanced,cancelled,762.44
755,Advanced German Course,german,12,2019-02-18,2019-03-20,Advanced,cancelled,757.95
756,Intermediate History Course,history,43,2017-06-24,2017-07-24,Intermediate,archived,541.73
757,Advanced Biology Course,biology,1,2017-03-30,2017-04-29,Advanced,cancelled,784.21
758,Intermediate English Course,english,40,2012-10-11,2013-04-09,Intermediate,archived,522.73
759,Advanced Physics Course,physics,44,2008-10-15,2009-04-13,Advanced,cancelled,850.71
760,Beginner Chemistry Course,chemistry,82,2008-06-20,2008-07-20,Beginner,cancelled,280.86
761,Advanced Maths Course,maths,78,2020-10-27,2021-01-25,Advanced,archived,608.45
762,Advanced History Course,history,61,2018-09-20,2019-03-19,Advanced,archived,779.75
763,Beginner Art Course,art,51,2014-11-16,2015-05-15,Beginner,cancelled,256.8
764,Beginner German Course,german,75,2010-08-27,2010-11-25,Beginner,cancelled,150.4
765,Beginner Biology Course,biology,45,2012-04-09,2012-07-08,Beginner,cancelled,295.69
766,Advanced Spanish Course,spanish,62,2017-05-31,2017-06-30,Advanced,archived,677.94
767,Intermediate Maths Course,maths,25,2021-12-15,2022-03-15,Intermediate,cancelled,424.08
768,Intermediate History Course,history,71,2009-01-21,2009-07-20,Intermediate,archived,463.33
769,Beginner English Course,english,24,2022-09-17,2023-03-16,Beginner,cancelled,225.14
770,Advanced Art Course,art,11,2021-11-12,2022-02-10,Advanced,cancelled,690.21
771,Beginner English Course,english,2,2021-01-01,2021-04-01,Beginner,archived,279.91
772,Intermediate Spanish Course,spanish,39,2011-07-13,2011-08-12,Intermediate,archived,562.55
773,Beginner Physics Course,physics,18,2013-11-02,2014-05-01,Beginner,cancelled,246.03
774,Beginner History Course,history,22,2024-05-08,2024-11-04,Beginner,archived,275.25
775,Beginner Biology Course,biology,7,2021-02-05,2021-03-07,Beginner,cancelled,256.17
776,Intermediate Art Course,art,68,2023-04-27,2023-07-26,Intermediate,cancelled,412.46
777,Advanced German Course,german,31,2022-05-04,2022-08-02,Advanced,archived,739.16
778,Beginner German Course,german,31,2022-01-30,2022-04-30,Beginner,archived,181.63
779,Beginner Maths Course,maths,63,2016-11-16,2016-12-16,Beginner,cancelled,228.89
780,Beginner Maths Course,maths,46,2009-07-16,2009-08-15,Beginner,cancelled,260.76
781,Intermediate English Course,english,40,2009-02-10,2009-05-11,Intermediate,cancelled,422.01
782,Advanced Biology Course,biology,34,2018-11-18,2019-02-16,Advanced,archived,867.65
783,Intermediate Maths Course,maths,4,2015-04-01,2015-06-30,Intermediate,cancelled,394.55
784,Advanced History Course,history,3,2021-05-26,2021-08-24,Advanced,archived,838.52
785,Beginner History Course,history,43,2016-12-30,2017-01-29,Beginner,archived,122.27
786,Beginner Spanish Course,spanish,39,2023-11-24,2024-02-22,Beginner,cancelled,200.83
787,Advanced Art Course,art,51,2020-10-05,2021-04-03,Advanced,archived,638.29
788,Advanced English Course,english,40,2022-10-17,2023-01-15,Advanced,archived,803.2
789,Intermediate French Course,french,70,2021-12-17,2022-06-15,Intermediate,cancelled,568.32
790,Beginner English Course,english,57,2011-03-28,2011-09-24,Beginner,cancelled,132.96
791,Intermediate History Course,history,61,2017-06-08,2017-09-06,Intermediate,archived,401.19
792,Beginner Maths Course,maths,4,2014-05-26,2014-06-25,Beginner,archived,175.69
793,Advanced Art Course,art,68,2009-07-28,2009-10-26,Advanced,archived,895.62
794,Intermediate German Course,german,66,2021-07-24,2021-08-23,Intermediate,cancelled,416.46
795,Advanced German Course,german,10,2016-08-23,2016-09-22,Advanced,cancelled,784.58
796,Advanced Physics Course,physics,15,2008-11-17,2008-12-17,Advanced,archived,883.16
797,Intermediate French Course,french,70,2022-06-19,2022-09-17,Intermediate,archived,495.73
798,Advanced German Course,german,47,2012-10-20,2013-01-18,Advanced,cancelled,652.04
799,Beginner Biology Course,biology,14,2011-06-25,2011-09-23,Beginner,cancelled,295.24
800,Beginner Maths Course,maths,60,2017-08-11,2017-09-10,Beginner,cancelled,239.09
801,Beginner German Course,german,47,2012-07-24,2013-01-20,Beginner,cancelled,182.81
802,Beginner Chemistry Course,chemistry,80,2012-02-19,2012-03-20,Beginner,cancelled,218.15
803,Advanced Biology Course,biology,54,2021-12-14,2022-01-13,Advanced,archived,865.0
804,Intermediate English Course,english,79,2014-11-28,2015-05-27,Intermediate,cancelled,461.16
805,Beginner Chemistry Course,chemistry,67,2016-06-15,2016-12-12,Beginner,cancelled,252.96
806,Intermediate Spanish Course,spanish,39,2010-06-21,2010-12-18,Intermediate,cancelled,402.69
807,Advanced Chemistry Course,chemistry,29,2010-07-08,2010-10-06,Advanced,cancelled,600.4
808,Advanced Spanish Course,spanish,35,2009-07-25,2010-01-21,Advanced,archived,760.34
809,Advanced German Course,german,66,2022-04-20,2022-10-17,Advanced,archived,638.86
810,Advanced History Course,history,22,2022-11-27,2023-02-25,Advanced,archived,692.11
811,Beginner History Course,history,5,2010-03-06,2010-09-02,Beginner,archived,270.62
812,Advanced Maths Course,maths,63,2010-04-01,2010-05-01,Advanced,cancelled,817.03
813,Beginner Maths Course,maths,60,2017-09-27,2017-12-26,Beginner,cancelled,139.85
814,Beginner Spanish Course,spanish,77,2025-04-12,2025-05-12,Beginner,active,101.6
815,Advanced French Course,french,70,2012-11-09,2013-05-08,Advanced,cancelled,807.53
816,Beginner German Course,german,66,2016-06-16,2016-12-13,Beginner,archived,259.1
817,Beginner Chemistry Course,chemistry,53,2020-11-04,2021-02-02,Beginner,cancelled,176.12
818,Advanced Art Course,art,21,2014-02-04,2014-05-05,Advanced,archived,659.71
819,Advanced Biology Course,biology,1,2013-10-15,2014-01-13,Advanced,cancelled,728.42
820,Beginner French Course,french,9,2016-03-29,2016-04-28,Beginner,archived,215.59
821,Advanced Spanish Course,spanish,62,2018-02-07,2018-08-06,Advanced,cancelled,881.42
822,Intermediate Biology Course,biology,1,2012-07-08,2012-08-07,Intermediate,archived,538.34
823,Advanced Chemistry Course,chemistry,29,2012-08-01,2013-01-28,Advanced,cancelled,805.34
824,Intermediate Spanish Course,spanish,77,2017-06-21,2017-12-18,Intermediate,archived,356.28
825,Intermediate German Course,german,75,2016-05-31,2016-06-30,Intermediate,archived,465.0
826,Intermediate English Course,english,40,2024-12-14,2025-03-14,Intermediate,archived,329.73
827,Intermediate German Course,german,10,2010-08-18,2010-11-16,Intermediate,archived,339.82
828,Advanced Spanish Course,spanish,62,2024-09-26,2024-12-25,Advanced,archived,771.23
829,Beginner History Course,history,73,2016-08-30,2017-02-26,Beginner,archived,165.38
830,Advanced Biology Course,biology,1,2013-12-29,2014-03-29,Advanced,archived,844.9
831,Intermediate Biology Course,biology,34,2012-06-12,2012-07-12,Intermediate,cancelled,514.06
832,Advanced Spanish Course,spanish,77,2019-06-07,2019-09-05,Advanced,cancelled,783.0
833,Advanced Biology Course,biology,14,2019-07-02,2019-12-29,Advanced,cancelled,642.88
834,Beginner Biology Course,biology,74,2010-04-29,2010-05-29,Beginner,cancelled,198.26
835,Beginner Biology Course,biology,64,2023-01-05,2023-07-04,Beginner,cancelled,171.64
836,Advanced Art Course,art,68,2013-10-15,2014-01-13,Advanced,archived,666.73
837,Intermediate German Course,german,47,2010-03-09,2010-09-05,Intermediate,archived,518.28
838,Beginner Biology Course,biology,45,2013-05-30,2013-08-28,Beginner,archived,117.05
839,Intermediate German Course,german,47,2010-07-28,2011-01-24,Intermediate,archived,538.38
840,Advanced Chemistry Course,chemistry,30,2013-12-07,2014-03-07,Advanced,cancelled,725.76
841,Beginner Biology Course,biology,45,2017-09-02,2017-10-02,Beginner,cancelled,179.78
842,Beginner German Course,german,31,2012-11-22,2013-02-20,Beginner,archived,108.79
843,Advanced Biology Course,biology,41,2023-11-08,2023-12-08,Advanced,archived,864.71
844,Intermediate Physics Course,physics,44,2023-11-20,2024-05-18,Intermediate,archived,381.1
845,Intermediate English Course,english,79,2009-11-25,2010-02-23,Intermediate,cancelled,350.42
846,Advanced Biology Course,biology,34,2009-08-24,2009-11-22,Advanced,cancelled,839.39
847,Beginner Physics Course,physics,65,2020-05-12,2020-06-11,Beginner,archived,228.45
848,Beginner Biology Course,biology,64,2009-01-03,2009-02-02,Beginner,archived,136.55
849,Beginner Physics Course,physics,65,2022-11-28,2023-05-27,Beginner,cancelled,119.76
850,Advanced English Course,english,2,2014-02-17,2014-08-16,Advanced,cancelled,844.88
851,Beginner History Course,history,49,2017-12-18,2018-03-18,Beginner,archived,101.88
852,Beginner Biology Course,biology,41,2023-09-30,2023-10-30,Beginner,cancelled,213.48
853,Advanced Biology Course,biology,1,2014-04-21,2014-07-20,Advanced,archived,880.74
854,Beginner French Course,french,70,2023-01-05,2023-07-04,Beginner,archived,173.38
855,Beginner Art Course,art,33,2019-01-15,2019-02-14,Beginner,archived,253.15
856,Beginner English Course,english,57,2020-06-10,2020-07-10,Beginner,archived,191.47
857,Intermediate French Course,french,55,2025-09-22,2026-03-21,Intermediate,active,389.85
858,Beginner Maths Course,maths,42,2025-07-02,2025-09-30,Beginner,active,143.42
859,Beginner History Course,history,22,2025-07-11,2026-01-07,Beginner,active,125.24
860,Intermediate History Course,history,3,2025-07-31,2025-08-30,Intermediate,active,387.42
861,Advanced Spanish Course,spanish,62,2025-07-10,2025-10-08,Advanced,active,817.53
862,Intermediate History Course,history,22,2025-08-01,2026-01-28,Intermediate,active,434.57
863,Beginner English Course,english,57,2025-09-25,2025-10-25,Beginner,active,219.31
864,Intermediate Spanish Course,spanish,48,2025-07-29,2025-08-28,Intermediate,active,597.8
865,Beginner Art Course,art,51,2025-09-07,2025-12-06,Beginner,active,216.11
866,Advanced Art Course,art,32,2025-08-05,2025-09-04,Advanced,active,692.81
867,Intermediate Chemistry Course,chemistry,37,2025-08-04,2025-09-03,Intermediate,active,317.39
868,Advanced Art Course,art,33,2025-07-24,2025-10-22,Advanced,active,832.6
869,Advanced French Course,french,8,2025-09-07,2026-03-06,Advanced,active,745.4
870,Beginner French Course,french,70,2025-09-19,2026-03-18,Beginner,active,198.03
871,Beginner Spanish Course,spanish,48,2025-08-25,2026-02-21,Beginner,active,293.08
872,Beginner Biology Course,biology,7,2025-07-03,2025-12-30,Beginner,active,163.32
873,Intermediate Physics Course,physics,18,2025-08-09,2026-02-05,Intermediate,active,534.66
874,Advanced English Course,english,57,2025-07-07,2026-01-03,Advanced,active,689.48
875,Advanced English Course,english,2,2025-07-20,2025-10-18,Advanced,active,834.53
876,Beginner Chemistry Course,chemistry,72,2025-09-19,2026-03-18,Beginner,active,210.17
877,Advanced History Course,history,49,2025-07-05,2025-08-04,Advanced,active,613.92
878,Beginner Chemistry Course,chemistry,30,2025-07-10,2025-08-09,Beginner,active,179.19
879,Beginner History Course,history,61,2025-06-22,2025-07-22,Beginner,active,189.69
880,Intermediate Maths Course,maths,4,2025-06-21,2025-09-19,Intermediate,active,556.16
881,Advanced German Course,german,66,2025-07-07,2025-10-05,Advanced,active,772.93
882,Intermediate Spanish Course,spanish,62,2025-07-20,2025-10-18,Intermediate,active,560.57
883,Beginner Art Course,art,51,2025-10-30,2026-04-28,Beginner,active,176.36
884,Intermediate Physics Course,physics,44,2025-07-19,2025-08-18,Intermediate,active,471.32
885,Beginner Chemistry Course,chemistry,52,2025-06-09,2025-07-09,Beginner,active,179.52
886,Intermediate Spanish Course,spanish,39,2025-07-15,2025-10-13,Intermediate,active,404.8
887,Beginner Spanish Course,spanish,48,2025-05-06,2025-08-04,Beginner,active,287.89
888,Intermediate Biology Course,biology,14,2025-07-05,2026-01-01,Intermediate,active,463.7
889,Intermediate History Course,history,43,2025-06-25,2025-09-23,Intermediate,active,573.12
890,Advanced English Course,english,79,2025-06-26,2025-12-23,Advanced,active,641.07
891,Advanced Physics Course,physics,76,2025-07-08,2026-01-04,Advanced,active,765.4
892,Advanced German Course,german,66,2025-08-31,2025-11-29,Advanced,active,791.5
893,Intermediate Biology Course,biology,19,2025-05-26,2025-08-24,Intermediate,active,331.1
894,Beginner German Course,german,66,2025-06-27,2025-09-25,Beginner,active,179.5
895,Advanced German Course,german,66,2025-07-05,2025-10-03,Advanced,active,638.2
896,Beginner Physics Course,physics,15,2025-06-20,2025-07-20,Beginner,active,255.83
897,Intermediate German Course,german,47,2025-10-19,2026-04-17,Intermediate,active,522.33
898,Intermediate History Course,history,61,2025-06-02,2025-07-02,Intermediate,active,568.01
899,Beginner Maths Course,maths,25,2025-09-05,2025-12-04,Beginner,active,298.47
900,Beginner History Course,history,49,2025-09-13,2025-12-12,Beginner,active,211.32
901,Beginner German Course,german,31,2025-06-15,2025-09-13,Beginner,active,198.46
902,Advanced English Course,english,40,2025-09-24,2025-10-24,Advanced,active,651.4
903,Beginner French Course,french,55,2025-05-08,2025-06-07,Beginner,active,200.13
904,Intermediate History Course,history,22,2025-06-22,2025-07-22,Intermediate,active,317.08
905,Advanced French Course,french,55,2025-10-13,2026-04-11,Advanced,active,781.4
906,Intermediate Spanish Course,spanish,62,2025-08-12,2025-11-10,Intermediate,active,311.01
907,Advanced Spanish Course,spanish,48,2025-10-04,2026-04-02,Advanced,active,677.53
908,Intermediate Spanish Course,spanish,35,2025-10-02,2025-12-31,Intermediate,active,356.47
909,Beginner Spanish Course,spanish,77,2025-06-23,2025-09-21,Beginner,active,207.05
910,Intermediate History Course,history,49,2025-07-26,2026-01-22,Intermediate,active,434.78
911,Beginner Spanish Course,spanish,62,2025-06-01,2025-08-30,Beginner,active,227.26
912,Beginner Maths Course,maths,25,2025-05-31,2025-06-30,Beginner,active,204.25
913,Advanced Chemistry Course,chemistry,72,2025-08-01,2026-01-28,Advanced,active,759.85
